number_of_nodes,max_relative_error
4,0.0884191
8,0.0759041
16,0.0469437
32,0.0259416
64,0.0136231
128,0.00697948
256,0.00353237
